x,y,xc,x2,yc
-1.0883948187014423,-0.9563112305044805,,-1.424184239742771,False
4.107276772960116,-0.6715635830767271,level_-0.5,0.4273598185960867,False
7.4063890451954615,0.9063033173293276,level_1.0,0.6688490868475716,True
,0.22279177225288813,level_0.0,-0.0157870725176923,False
,-0.9754305121250199,,-0.49101667270297755,False
,-0.2484383639742579,level_-0.0,-1.1641648924450057,False
,0.25949594198626863,level_0.5,-1.1444762180974963,False
,0.9155675390471183,level_1.0,-0.6211506843102088,True
,-1.0095740830714215,,0.00296301326768569,False
,-0.9230876600117366,,0.0714132306055891,False
-8.448126510066853,-0.7375409716188979,level_-0.5,0.7151404079542787,False
-1.724713534336464,-0.8943767837534237,,-1.123869076229711,False
0.08452448533443109,0.2147644367407778,level_0.0,1.369281958322875,False
-2.574917610180627,-0.5687480770444882,level_-0.5,2.13578871046414,False
1.2225464583554304,0.7816017970027639,level_1.0,-0.35188704982003993,True
-0.9465630375692214,-0.8635744410841225,,0.6631810887079547,False
13.360862089023897,0.9253648169466786,level_1.0,-0.24211662683529642,True
2.3240124443384893,0.8987902497803776,level_1.0,-0.4367337177288935,True
4.229652221812587,-0.8855961690148649,,-0.08611621464987608,False
-2.5177079106967475,-0.6115068336368261,level_-0.5,0.8718061987858867,False
-4.816677649230623,1.056006309950758,level_1.0,0.8770558982682101,True
0.3248431474828772,0.36637534184311055,level_0.5,-0.008811138025669754,False
-16.025201164198705,0.35361302813002404,level_0.5,-0.5597256223769229,False
5.274847132073623,-0.6644551379388247,level_-0.5,-0.38886227930705924,False
4.036383469243421,-0.8604042749259817,,-0.4351602169351549,False
2.370702768576111,0.5438627735687297,level_0.5,-1.055602444549665,True
2.0546412340285007,0.9814634081666578,level_1.0,2.658233108294325,True
2.4334463439017364,0.5726192672621725,level_0.5,1.943819405325445,True
-2.67764854313095,-0.41525469280790106,level_-0.5,0.7602304458148144,False
-4.194539716438045,0.8271244023658255,level_1.0,0.9691390230178442,True
-4.0618741003072065,0.7202206662996532,level_0.5,-0.623058722985518,True
-2.2539647138637924,-0.8208523262220447,,-2.045393431918319,False
5.354006778732608,-0.7815629761812001,,0.584140617824043,False
1.0871057492158422,0.7500915902204592,level_1.0,-0.6758947523492874,True
-5.879292971388006,0.399128911259985,level_0.5,2.0219369932199447,False
-4.630583945446485,0.8972513039197908,level_1.0,-0.5430529520550972,True
-4.9697383057121645,1.0559547566328567,level_1.0,-0.04282297026429458,True
2.934031546166662,0.04492159763463047,level_0.0,0.09266298017655278,False
5.319066214663417,-0.9768852972793394,,-0.656904380776285,False
1.1887043029614068,0.986556444067187,level_1.0,-0.7060318168956854,True
-3.875282814915932,0.7626633414293496,level_1.0,1.4633639250235855,True
-4.895519732194267,1.0086509569958095,level_1.0,0.5540645748940053,True
-7.746814679119928,-0.9841131093149811,,-0.27103058898768756,False
-6.034141224329669,0.398302991802453,level_0.5,1.9382649833880055,False
2.2250411626754762,0.6941901164074568,level_0.5,0.3512366687166721,True
-0.8654310385656261,-0.8060239801478198,,-2.1821529243597944,False
7.4447359449163955,1.0897337884285545,level_1.0,0.1259742624041264,True
-3.9626024660654675,0.6360122053260389,level_0.5,1.3186861310597253,True
9.194985496406865,0.44260151096744105,level_0.5,-1.1406798617906537,False
-2.1968106236001006,-0.8204255743785492,,1.152648284323287,False
5.800015841212237,-0.5735493701180143,level_-0.5,0.4325342404270315,False
-2.885467264274151,-0.3036790585264306,level_-0.5,-0.7083340111869034,False
-5.15522199195948,0.777709129986288,level_1.0,-1.4569246000004252,True
-4.194427227895465,0.8988558201785808,level_1.0,1.8091449153189896,True
1.5846703126447224,1.0227694150088928,level_1.0,1.1638950854361105,True
1.7662699057673594,1.0057109045640642,level_1.0,0.3145357824779753,True
7.578615220463912,0.9803028806698298,level_1.0,-1.612693431663129,True
-1.8892511260256664,-0.9511367399163139,,-0.4345981710796522,False
-5.4633977344545475,0.8382375159032409,level_1.0,-0.3380247960377964,True
-3.2417126032886996,0.009095653621717478,level_0.0,-1.314446370460495,False
7.399927473108946,1.0462796481852528,level_1.0,0.7207510558816473,True
-10.526503467164058,1.0045724052633613,level_1.0,-1.0304731048142441,True
1.143474445512638,0.9309702642657488,level_1.0,-0.17841357034392344,True
1.8031441800528938,0.9915126647975048,level_1.0,0.9998395106833363,True
-7.199432637620221,-0.59406322700732,level_-0.5,0.9817697704020089,False
-3.3135288538999648,0.24282408185061558,level_0.0,0.2171871785008184,False
-3.308186092363311,-0.02458917600609592,level_-0.0,0.0916445686969179,False
-2.979984900219642,-0.36728927281852086,level_-0.5,-2.38455971182645,False
0.26097526931078874,0.25064955296771174,level_0.5,-1.0757067175439916,False
-7.766634152068913,-1.0197995906400235,,0.409439158878553,False
8.271288775809166,0.9184493619471042,level_1.0,0.9411018970633663,True
3.284293410550618,-0.19700726375900726,level_-0.0,-0.8796370363859364,False
-2.692829713577673,-0.3483240717959671,level_-0.5,0.18064513545954855,False
-4.984238896464933,1.0461605051435747,level_1.0,1.1417535689398175,True
-8.660634784584179,-0.6338029486931503,level_-0.5,0.7550047515571776,False
-8.300866904479667,-0.8604026271144114,,-1.4416892924144784,False
1.1754139227928673,0.8892804360766082,level_1.0,-0.3842879142024998,True
0.5757724358907289,0.5995170559574129,level_0.5,1.0510647520997298,True
-12.796922607408227,-0.2223155622264252,level_-0.0,-1.0790853070572421,False
-1.1666022771602704,-0.8549373942972025,,0.11338275475041235,False
2.965837089350203,0.2423254443919023,level_0.0,-0.06705475676252966,False
7.358552514643844,0.9245498787805015,level_1.0,0.9999845692746582,True
-1.1711947895218155,-1.0234711510032508,,0.8637925911298411,False
-0.4222951725478028,-0.5369166739579664,level_-0.5,-0.7987911547459398,False
1.3167381720007287,1.0150707613635401,level_1.0,1.0606797485494526,True
-2.58460401079644,-0.5180064365763279,level_-0.5,0.9483106748603874,False
5.41250871146124,-0.6970333904734392,level_-0.5,-0.5234345786956716,False
-3.4445702992913847,0.1531629069858495,level_0.0,0.4338156885385096,False
-5.286325658482874,0.7644245063913793,level_1.0,0.3263689881786348,True
2.3893987254211106,0.6146991263236772,level_0.5,-0.966118970978235,True
-3.461880308903354,0.2584807016698403,level_0.5,-0.022499269775101024,False
-3.8878692486025246,0.5438821673967332,level_0.5,-0.7106579304483832,True
1.0577440365967714,0.7158796430558196,level_0.5,0.5011084460595104,True
-1.3796368281807898,-1.0078368131877231,,-0.9936486082438227,False
-1.0312257453570792,-0.7543320874674,,0.8177261229880457,False
-2.647440866409414,-0.6819086922015067,level_-0.5,0.6359389203923705,False
-1.8615611878420504,-1.0933542329060673,,0.009152994365628782,False
-9.204020213216952,-0.2839234568949591,level_-0.5,0.4190127835362808,False
1.4485381208196322,0.9880941560897605,level_1.0,0.3155922576725235,True
-6.763289702044365,-0.5407225129532913,level_-0.5,1.6277000278900073,False
0.5087096213020411,0.3171607385643993,level_0.5,-0.9346940641485675,False
1.5986718663444768,0.9230879471799501,level_1.0,-2.4317468142369143,True
-1.2043962820209138,-0.9357999593073736,,0.16308026064945413,False
1.8101458625980875,1.1468490411212753,level_1.0,-1.5765022371533175,True
0.3655758319280434,0.04482124685651312,level_0.0,1.7366439612948397,False
-3.0307577143077236,0.05751712666212665,level_0.0,-1.4506755401749303,False
0.39510486834765907,0.38209679254054585,level_0.5,0.35518333530469615,False
8.143471564467047,0.8393111678233388,level_1.0,-0.5732176436218342,True
1.7144851677359445,0.876073282940699,level_1.0,0.4054223426070396,True
0.7449916152188274,0.8064888456536514,level_1.0,-0.7544002184345605,True
-3.0673267869603293,-0.20528825516670074,level_-0.0,-0.6156594634803725,False
-5.24444488494225,0.811332117083079,level_1.0,-1.582327103274008,True
-0.7397245379595938,-0.7605706033483017,,-0.2838998629134999,False
4.371053513151174,-0.8275413700238305,,-0.9056543021909472,False
-4.633370276522108,1.0630389452160922,level_1.0,1.1348332370577632,True
1.4871089587803579,1.046484089524705,level_1.0,-1.3550712579023703,True
-6.743263406721944,-0.6616457197758182,level_-0.5,-0.4507936524334187,False
12.97782620556368,0.4957122935778601,level_0.5,-0.5498135403140505,False
-1.9859880240171779,-0.9297121695851691,,0.1291781011008996,False
-1.7451622447005641,-1.0180606459077948,,-0.48396934219371646,False
5.413685594688774,-0.8064356542975953,,-2.6543039022096533,False
-0.33588508020140573,-0.36493302350654844,level_-0.5,-1.5319039703383475,False
6.299518911568177,-0.04649407175889998,level_-0.0,-0.49542972195114593,False
4.9926556538541345,-0.7512728791840769,,-0.05730800676794213,False
6.660033864191593,0.35224464813669853,level_0.5,-0.3186477642935441,False
-10.705121814881872,1.1369024439970934,level_1.0,-0.47079692865504397,True
1.4413419530421343,0.835323389629514,level_1.0,0.8601425934217591,True
-4.747369569283697,0.950542302488373,level_1.0,0.4926447507279309,True
-2.4374583004540304,-0.659916983227671,level_-0.5,0.4922169434691041,False
0.22494021027152328,0.3027072490289088,level_0.5,-0.9052916040501113,False
-11.233155359758765,0.9733783996020853,level_1.0,0.4402733357396547,True
5.719996717651915,-0.5682408205253499,level_-0.5,1.3957799548276464,False
11.523535037053081,-0.8614545115536593,,0.15744350013013597,False
8.511316685441587,0.9107974508632776,level_1.0,0.11319388362207754,True
-1.2208120527586956,-0.8056649975306811,,-0.02629421624755883,False
1.8673972467084712,1.0649029456516361,level_1.0,0.5167665577875395,True
6.797131098011413,0.5033317973287272,level_0.5,-0.7403753434130906,True
-2.4418766707990307,-0.7199152835621531,level_-0.5,-0.6579952421799224,False
1.5344012344013018,1.029708121242924,level_1.0,-1.1014765178786663,True
-6.03253369336758,0.15492026192596825,level_0.0,1.2754452183905676,False
-12.528457891854769,-0.007982768113409366,level_-0.0,0.580959924463938,False
-6.644451677620391,-0.1755195020699122,level_-0.0,-0.7837395305236133,False
-2.4167778249399854,-0.6879064533535587,level_-0.5,-1.6995460898938979,False
4.637788353574177,-0.9446904565837754,,1.0001463450379462,False
-4.237234031171514,0.8330644221595656,level_1.0,-0.007751522143211062,True
1.9196539954719563,1.1454827159303065,level_1.0,2.1062257884332074,True
-2.1847296159614014,-0.879013383323185,,-1.7431139354765244,False
2.2099809922851112,0.7950948469870271,level_1.0,1.06211295412559,True
9.791398595261175,-0.48059800656359486,level_-0.5,0.19298595854450099,False
1.3076639973854736,1.0104210503274875,level_1.0,0.47668292643998905,True
-8.74140003278904,-0.7591767524360805,,-0.15182628300112105,False
8.119056770859233,1.1109283787945137,level_1.0,-0.8224653260567246,True
4.034547583459433,-0.8347550000518729,,0.12195162929924144,False
-6.87075816679835,-0.5871638018282156,level_-0.5,0.4598275175235618,False
-3.3712363019220977,0.11978516644897762,level_0.0,2.1984337694670133,False
9.12256892328955,0.3602686245875614,level_0.5,0.7642980774043844,False
-0.37146184853248776,-0.3465638793503019,level_-0.5,0.3949080652160639,False
2.1729337537290068,0.9537704732499139,level_1.0,-1.2743751574914655,True
-1.2827100550987516,-0.9402567378758941,,0.11547973588904335,False
7.852598412745389,1.2039361665600739,level_1.0,-0.13302949177410853,True
3.286662495272002,-0.06857719315800624,level_-0.0,0.976573533407779,False
0.19116365476718286,0.012266035843588124,level_0.0,-1.3443531284415513,False
0.1883938411491516,0.05706438610015474,level_0.0,-0.4825681951291441,False
3.917385726596901,-0.6426733619334395,level_-0.5,-0.7875960439914134,False
2.6073767795306053,0.4330555175744179,level_0.5,0.39619835734722614,False
2.6717004458612594,0.5004624596045881,level_0.5,-0.9882458405603558,True
-5.455694230831421,0.7452437435662738,level_0.5,-1.5537869136431086,True
-9.343816025098764,0.01618064192834137,level_0.0,-1.4746033606191093,False
-5.1381198639872725,0.6022386855592834,level_0.5,-0.7729459870797795,True
0.48910328522886687,0.4269448397236508,level_0.5,-0.235448655162949,False
-3.169264944036352,0.1250602409240007,level_0.0,-0.8480256636603554,False
-0.23879427336526451,-0.3230501938982589,level_-0.5,0.22629791132895336,False
-1.3619669875750713,-0.8382100884207945,,0.8969960461929982,False
6.132880641459817,-0.3393670982029111,level_-0.5,-0.154381070695429,False
4.0851861594416174,-0.8037552401906827,,-0.44685530045013017,False
-5.221783875071936,1.0326426758541791,level_1.0,0.03137355737882974,True
3.09969580950227,-0.015245734387545028,level_-0.0,-1.4645713083418943,False
10.57314654999229,-0.9465215574202117,,-0.0034335725462544477,False
0.2979208528173221,0.404885419921317,level_0.5,-0.11704778919077127,False
3.2335130715149267,-0.27640337652776326,level_-0.5,1.0425583152806313,False
1.5440126039109416,1.1047773198596826,level_1.0,-0.712951728115662,True
-12.971925472242233,-0.3199103797594285,level_-0.5,0.145662543573738,False
2.239486173835837,0.7878876136320903,level_1.0,-0.0655685642888939,True
-1.1879827626390855,-0.9519284729885368,,0.5270702119740764,False
9.79328631258953,-0.27144445579591464,level_-0.5,0.5048091369460944,False
-3.8913480352160654,0.751777430308636,level_1.0,-1.0481700852803646,True
6.292186210101152,-0.09361563503405237,level_-0.0,0.8300013311719153,False
-0.9129315027196965,-0.8294425920339782,,-2.0498379982221078,False
-2.6381541136551596,-0.3611097869097024,level_-0.5,1.0948643000211424,False
-0.09435153447642058,0.027054516130438813,level_0.0,-0.17862828495459385,False
11.329977962169682,-0.9292093708312505,,1.7938932897290545,False
-0.978096403786785,-0.9622184028349678,,1.0536680238049285,False
-6.930516487537794,-0.673822605064757,level_-0.5,-0.3561449127492953,False
8.426908764650221,0.8931601841589301,level_1.0,0.7824110973784769,True
-3.1619041706881683,-0.19794038456562826,level_-0.0,1.3525592689726724,False
0.3186180257011992,0.23696610050600742,level_0.0,0.31018921518412185,False
-2.601435697237589,-0.5406263024301708,level_-0.5,0.7532960934064109,False
1.912126549395545,1.0494892103839628,level_1.0,-0.4796167989275307,True
5.2908425214071535,-0.8517370710446819,,0.5678064644442058,False
0.180485284388251,0.15603767133496543,level_0.0,-1.6437165692032019,False
4.237218124408095,-0.8312857299846659,,0.9331595693206911,False
1.9998536878256512,0.8601592971014788,level_1.0,1.1912050939704417,True
-0.2525860086989916,-0.27786151058535213,level_-0.5,-0.47631849946352356,False
6.805024090371173,0.2953254104816557,level_0.5,0.9599611554626685,False
-2.086548390726551,-0.599976319508203,level_-0.5,0.8756434814282631,False
-1.1334798529438048,-0.8605702040494647,,-0.371960996804899,False
3.4686066516671414,-0.47994472048639025,level_-0.5,-1.433834705176396,False
-9.600705759714565,0.11735415308388235,level_0.0,-0.05561235080120509,False
2.8859311182573237,0.11437370665662866,level_0.0,1.1280590211412895,False
3.954838438508573,-0.7048559764473481,level_-0.5,0.4609687793888738,False
3.260253978078926,-0.05547075702407206,level_-0.0,-0.30647791358183896,False
-3.287861871598499,0.08032416381277033,level_0.0,-0.48686362523716237,False
-0.40937168696602,-0.4813785662413881,level_-0.5,-0.05197120230473379,False
2.8671801643418076,0.2991367637931969,level_0.5,-1.0294571593938213,False
0.8084486965988557,0.5844483770275783,level_0.5,0.6962757547247531,True
5.173151996691358,-0.9398855862729151,,-1.0949825805656626,False
3.515953674750465,-0.28271605624369167,level_-0.5,-1.5631300653891318,False
5.516367359445175,-0.720029733416671,level_-0.5,1.0167156791992675,False
-0.21827678640180437,-0.2462357331984753,level_-0.0,0.28377214139222456,False
2.8274466622081693,0.17032013848838123,level_0.0,0.004327565687630127,False
-3.888344065875921,0.8246911951040086,level_1.0,0.36807204589741044,True
-2.917942928859356,-0.0616534807422994,level_-0.0,2.6038587620134472,False
-2.6083501364057424,-0.2799312343197007,level_-0.5,1.3752149710635566,False
6.444007527686867,0.23244340581902662,level_0.0,0.3828654461993092,False
4.623514636821287,-1.0687061707809173,,0.9790487369443099,False
-3.468219558445473,0.3513602994247556,level_0.5,1.4891053210319192,False
-4.450998142808577,1.1050412992700405,level_1.0,0.21147086763512626,True
-0.9119523936715818,-0.6217654445380097,level_-0.5,-1.3619075643676593,False
-3.404793896900867,0.38496196584698067,level_0.5,-0.8756416849409367,False
6.476877685068515,0.13935150244154526,level_0.0,2.0867348369628265,False
0.9266557112961676,0.8193404777643073,level_1.0,1.1665088997465094,True
-0.471484648251164,-0.5666174067139097,level_-0.5,-0.6160090646584852,False
1.634986118430399,1.0688308214590754,level_1.0,-0.8202146506742091,True
-1.3966998490436724,-1.0432327773686396,,0.47379268208074715,False
-10.81639325956139,0.9741152189845971,level_1.0,-1.0884315057755962,True
1.739351983335323,1.1289166029933575,level_1.0,-1.2344058537266565,True
-6.748492612662575,-0.33171009316287225,level_-0.5,-0.870385579640824,False
3.3069763721910315,0.12818557204567765,level_0.0,-0.33540692003873607,False
2.077842062458046,0.8661807712645873,level_1.0,-0.9806790207737778,True
6.357101633980307,-0.07999531952950402,level_-0.0,-0.032877082905847475,False
0.3293293341595848,0.39718486313058665,level_0.5,-0.4910384313162402,False
4.977522326051894,-1.1960425499124163,,-0.9000789453569086,False
-3.006581822013878,-0.1778557330234175,level_-0.0,1.290625553301851,False
0.8392827752918788,0.6826884886919486,level_0.5,0.07369554770781865,True
-6.275101471095359,-0.013961236095950664,level_-0.0,0.39814518629545687,False
3.535760088835362,-0.25881624081759524,level_-0.5,0.293163721637244,False
3.4322540029823996,-0.26087733038808014,level_-0.5,1.1829975802752544,False
8.053216387222271,0.8918031938368602,level_1.0,-0.22571690516403028,True
2.1697824440851603,0.7166138845876336,level_0.5,0.6479728520233653,True
2.0054179821957927,0.7912032109933327,level_1.0,0.24664735433892493,True
-1.7247306400351545,-0.9071594282444891,,0.005417333211862676,False
4.40240348374793,-1.0828898793526431,,-0.07167820366878892,False
-4.871084297433078,1.0946108019268503,level_1.0,0.3501790237933595,True
-1.5229308854393713,-1.0966444956962706,,-1.042928626087086,False
-0.4189056381778531,-0.5120383232494075,level_-0.5,0.3481798661581091,False
-8.232186585131036,-0.6555919991991059,level_-0.5,0.7876076135810526,False
0.7621816142773361,0.7763228715471755,level_1.0,0.7456870519905465,True
-8.406805802410567,-0.9615515139051314,,0.08519772098558694,False
5.071998755524509,-1.070853565855917,,0.20862488483202757,False
4.899972847986892,-0.773333543350344,,-0.6792403871260452,False
4.169091034012587,-0.8507390936452917,,-0.9834388701180705,False
-7.571366974071441,-0.9020961288455945,,-0.5428854415401974,False
-4.230257827837232,1.0259588907547377,level_1.0,0.7716652195624808,True
-1.1863984144548527,-0.8492467801958059,,-1.3118595163344229,False
-5.157700597919748,1.0444329159255537,level_1.0,-1.5637819991545376,True
-2.947378875895168,0.01272992776233206,level_0.0,-0.01521807586519592,False
3.9156990208807114,-0.6081173065484191,level_-0.5,0.6367406934935109,False
-1.483302208572887,-0.9568361380294534,,0.6267094563785357,False
1.7738769521119888,1.1656506478290183,level_1.0,2.4966712615199924,True
1.499867490969743,0.9917509195986781,level_1.0,1.3023358711335487,True
1.2227245322757068,0.9975008409025381,level_1.0,-0.46120354228586885,True
2.4254380436378193,0.6351322549000749,level_0.5,1.7849409709386879,True
-1.6600524204973426,-1.0861111895562097,,-1.0427960179517253,False
-2.1163189149058463,-0.7450135519309982,level_-0.5,0.5456858361717778,False
6.384776249948181,0.008982816756821874,level_0.0,-0.14306484714746925,False
-3.8774072661098398,0.6285886401709193,level_0.5,-0.8985956551359919,True
-4.06743559762545,0.8254208567088507,level_1.0,0.7976958088369144,True
-1.7109808341911028,-0.7561970149545119,,0.2615868769563991,False
0.3783872481203037,0.27541375500503007,level_0.5,-0.5021389859166274,False
4.428679519636711,-0.854561244336672,,-0.43759312556356356,False
3.4408401645940447,-0.2138360580002573,level_-0.0,0.957756738194119,False
-4.343974976449703,0.8698067224556706,level_1.0,0.43832458030558946,True
6.861740571329269,0.47225671945880804,level_0.5,-0.8788177440545164,False
-4.329435552851342,0.835422897744315,level_1.0,0.5382522205851532,True
-4.0717998942790175,0.8362118925961317,level_1.0,0.28175561553477035,True
-1.913866583576388,-1.0595246083459025,,-0.42891838696267637,False
9.539592836490081,-0.0553918716736019,level_-0.0,0.15044291037385454,False
-8.19565970839189,-0.9606840601772262,,-0.5865558075155813,False
-10.145891796272029,0.38825093916012937,level_0.5,-1.3301817555346005,False
-6.226791735268364,0.002838918006561969,level_0.0,-0.5666891986737447,False
9.004018385168447,0.4489657936750733,level_0.5,0.5432313348944102,False
-2.8885246316890063,-0.2758646200850406,level_-0.5,0.11886394531748562,False
2.1500627846974605,0.8016638977863966,level_1.0,-0.7362500704927007,True
2.4306291046278408,0.5330206930963924,level_0.5,0.8691393731223082,True
0.3044820434991213,0.3506678052949178,level_0.5,-0.2650337136094645,False
3.5289795499097094,-0.37803428552014345,level_-0.5,0.47413339790765935,False
-5.151419110065271,0.9295747501870207,level_1.0,-0.8549386294373971,True
0.47025922014016364,0.5193599366810273,level_0.5,1.2107476747580121,True
5.095336695412962,-0.8438995736230585,,-0.04740866204837969,False
6.715035703710157,0.6137184978590129,level_0.5,-1.0783184113697288,True
-2.183104248876429,-0.8125085569590192,,-3.9405720110775735,False
11.729086489448733,-0.6120413342621767,level_-0.5,0.0433674228367252,False
-6.515320850502773,-0.44916779396619444,level_-0.5,-0.4459444634477129,False
-5.647851361382409,0.6148271951833049,level_0.5,0.24998166332881136,True
1.4697017034531934,0.9023474312562404,level_1.0,0.6763915263254033,True
0.8031716041712023,0.5943125568437269,level_0.5,0.279406480962026,True
-0.7401316878125779,-0.653095666124671,level_-0.5,0.5419394388779596,False
1.564219520499818,0.9910775878975783,level_1.0,-0.9384688129654142,True
-0.1418993552127495,-0.16536135999632443,level_-0.0,-0.6643088895801428,False
-2.650644954787448,-0.5492952630680392,level_-0.5,-0.9462442934782296,False
4.690595617314324,-0.9115004036982769,,-0.8111378605664312,False
7.210570740977685,0.8266388141826877,level_1.0,0.18043729448564375,True
8.768167100479253,0.5893732196223548,level_0.5,0.5141200279038992,True
-1.8229097672306454,-0.8855944606767663,,-0.5795344157939983,False
7.945808924023127,1.021195858983217,level_1.0,-0.907385681330364,True
1.858412475221432,1.0857952209172943,level_1.0,2.1067746321408025,True
1.234662618018706,0.8733258297978833,level_1.0,-0.1539871652007668,True
8.174864089106343,1.1738156164890483,level_1.0,0.0015285843118788924,True
-2.969542896648802,-0.09868572527809151,level_-0.0,0.3264273045050498,False
-8.509583349563368,-0.7517950943085981,,0.7020215206751991,False
5.251017729102518,-0.7341608317973275,level_-0.5,-0.40018133673916667,False
3.8984591811254643,-0.5980515408479752,level_-0.5,-0.07858693404693917,False
4.033549653725924,-0.8918983906351612,,0.40059681465092345,False
0.20149400470686618,0.33835796956196906,level_0.5,-0.2838557211721069,False
-5.858150720761337,0.5376492391445988,level_0.5,-1.022686196690098,True
-9.45225289101576,-0.18542649502882425,level_-0.0,0.7605735704745838,False
3.3278830500195866,-0.1414365440248764,level_-0.0,-0.2984582031187963,False
1.6492585253806964,0.8100212564215014,level_1.0,0.33253957376739335,True
-9.328908181939228,-0.1777167586327025,level_-0.0,-1.0518633111212592,False
-8.803092886934882,-0.49017459163990984,level_-0.5,-0.30035758545818997,False
5.860931380316673,-0.33264609687314306,level_-0.5,-1.00485918072217,False
-2.09354900356493,-0.805537614209314,,-0.5739678594884956,False
1.6293082577761766,1.1657139576152415,level_1.0,0.8824600646748145,True
-2.2994778230138264,-0.8180270163440236,,-0.07661559987583459,False
-1.1825816815998305,-0.8324659794957437,,-0.4619265427856062,False
-5.284651654000195,0.9079416797604636,level_1.0,0.4702932771006492,True
-4.797232115639208,1.0390280570183754,level_1.0,1.1858843435603736,True
1.1315609004836573,1.1002307966516658,level_1.0,0.2970798089668164,True
2.0485209458903135,0.8536917283013988,level_1.0,-0.09483001638238144,True
2.2861696319262554,0.7280914801029955,level_0.5,0.23722309784350845,True
1.251801583113175,0.9812626334552201,level_1.0,1.6499423685220906,True
1.1637211033051542,0.975547329096558,level_1.0,-1.1439898259391013,True
-4.284860231186102,0.8973304482300408,level_1.0,-0.42972486019680683,True
-7.626628123170573,-1.0405740580056637,,0.5809509064602063,False
1.8572660577245417,0.8910978504538972,level_1.0,0.2785671901000464,True
0.9236399614217734,0.9061562906230389,level_1.0,0.6240025253972402,True
-0.6808080334810583,-0.5758967756092919,level_-0.5,-0.09111417450167728,False
-7.471986148489139,-0.941406751612207,,0.13693017921298617,False
-1.083511028047842,-0.9303034322084608,,-0.32065569878631983,False
4.9843915504425595,-1.0454817349581642,,0.4630845363036171,False
0.6678370350548473,0.48404108087562614,level_0.5,-0.7127464133335838,False
7.927401293913878,1.003844844864448,level_1.0,0.12841852289132233,True
6.492311274886021,0.39685983278593195,level_0.5,0.5870612954892381,False
5.502390071462429,-0.5791650150670196,level_-0.5,0.11900273241953699,False
3.303944767529123,-0.2833165458831687,level_-0.5,-0.9818741274975529,False
9.769972396283325,-0.292586257833264,level_-0.5,-0.07325541066592285,False
-1.190961524669955,-0.7995386000232771,,-0.1611721800692056,False
-2.3459737628542037,-0.7915881306208712,,-0.045449832449595065,False
2.8680909302511775,0.24019664011398045,level_0.0,0.04015274366336596,False
1.0368338550026226,1.0769095656812762,level_1.0,0.8453625322037207,True
-2.6943586782106004,-0.44801151230892916,level_-0.5,-2.0826088432427925,False
1.1988865683922316,0.8925308760995341,level_1.0,-0.9140464224603224,True
-6.671417818040978,-0.15340580460614361,level_-0.0,-1.2727735444877373,False
-2.931983868503338,-0.41672572082909287,level_-0.5,-0.03762096891600032,False
-2.0185276496913707,-0.8763229783901116,,-1.293803880877029,False
-1.8438465296793507,-0.9408871759639671,,-0.5887726583823787,False
2.619024881526542,0.5211759053685509,level_0.5,0.10890955863867692,True
-5.950077795025198,0.30887724922863025,level_0.5,0.5531372976489098,False
-11.11658709088484,0.9797969448632387,level_1.0,0.3485942900061926,True
-6.269656987285046,-0.05083715108440666,level_-0.0,-1.9265898801373973,False
6.3265796271653185,0.010899297803729696,level_0.0,1.496440509990107,False
-3.670509447049492,0.5113328721382848,level_0.5,0.049632911841698414,True
-2.016117460154554,-0.9244666091293579,,-0.7859646986084057,False
-0.607372315398114,-0.5982166440862049,level_-0.5,0.6093832162619626,False
2.155804130116195,0.8633098869117034,level_1.0,0.24919123297765522,True
11.46168322433725,-0.8440111511638811,,0.4130498239155563,False
-4.346130229781507,0.9903435183074756,level_1.0,0.06427032014650953,True
-2.765936032816261,-0.4837479886921118,level_-0.5,0.5369089648758198,False
-2.6350667294007293,-0.385869439600996,level_-0.5,-1.2518086980097032,False
8.424049246085488,0.715369210689036,level_0.5,1.257096239965764,True
-6.609398074617443,-0.33488106537441203,level_-0.5,-1.5072868422012013,False
-6.600557684930537,-0.5559171959883559,level_-0.5,-0.007914443336565262,False
3.9881794998617686,-0.663523967984599,level_-0.5,0.6724041191911785,False
-8.685098083916362,-0.8109677769074335,,-0.917801942447696,False
1.3214459838279355,1.0795431518615652,level_1.0,0.1553223520705482,True
7.234924141678164,0.9317378370034386,level_1.0,2.1436348909012457,True
-4.9105639097382054,0.7575120476410693,level_1.0,-0.5618277694377485,True
10.46538438408988,-0.9386270150169184,,-0.20253547771842506,False
-1.5879020319161987,-0.958195644056321,,-0.9621920133230613,False
-5.693477658041316,0.46005091706746015,level_0.5,-0.04788640689217048,False
6.870224363244155,0.5987532004818438,level_0.5,-4.049539251128439,True
-2.543087191021897,-0.6576427327933084,level_-0.5,1.0901310244801592,False
0.14717532467341257,0.1788413429906407,level_0.0,1.770582338019619,False
-1.6509954463245744,-0.885418068691326,,0.10705128661394617,False
-2.507867149709594,-0.6725729844197441,level_-0.5,0.11387397298904464,False
-3.0006560313418684,-0.10172767681521079,level_-0.0,2.212363413872379,False
-3.4194562937494393,0.10404398394285955,level_0.0,2.229228805761073,False
-3.9549368524644484,0.8533065253710029,level_1.0,0.5195734701184671,True
-0.9198842756971057,-0.7337522296992941,level_-0.5,1.4481404843095773,False
3.9691370912513166,-0.6691694184323389,level_-0.5,1.9784804142340582,False
1.7208634531742182,0.8558189804642138,level_1.0,-0.8274404131847021,True
1.7950006159354839,0.9684988295431077,level_1.0,-0.6176552254040315,True
-5.513301168740769,0.819728021254805,level_1.0,-1.1918090612572068,True
-9.392170602573165,-0.06722202584700838,level_-0.0,-0.2912485099150399,False
-4.11385232168864,0.792709495850423,level_1.0,0.46672006739846095,True
1.7568421045659846,0.913516674132566,level_1.0,0.9190769824452624,True
-0.31716320811924736,-0.26185527570708145,level_-0.5,-0.3273518334255008,False
3.633778164349037,-0.5368737999358152,level_-0.5,-1.8748841496916977,False
6.648784752554374,0.5290910958012588,level_0.5,0.8772129262471644,True
0.04908471555507081,0.04063649221924704,level_0.0,0.3989252586727742,False
2.8392215806604284,0.33706896762254024,level_0.5,0.3425687911352246,False
4.622518881722156,-1.0388775719637044,,-0.4068471064057025,False
8.150035565812257,1.0159838461174069,level_1.0,-1.479966742832046,True
-9.120183732417177,-0.3054233125802862,level_-0.5,-1.69635713850707,False
3.508095723517513,-0.2832129280216752,level_-0.5,-0.41346133404364294,False
4.601293357077447,-1.1720206930561834,,-1.187343796455948,False
-0.45220428811976354,-0.5165746334030683,level_-0.5,-0.2226385760981744,False
-1.2746101442103308,-1.023231003606622,,-1.5517201530141935,False
-4.585507473048592,1.0495766116267393,level_1.0,-0.1579695027079898,True
5.122086377980938,-1.1327167739685957,,0.34218249291640757,False
-3.4860066089878963,0.4071440825289825,level_0.5,0.2603734987727335,False
0.478033617655853,0.411788041803791,level_0.5,-0.45832914176119327,False
-2.635536210059991,-0.4882494693835698,level_-0.5,0.8194366248022589,False
-1.258579365218121,-1.0209482614047725,,0.9399087727394535,False
7.161547291745575,0.8516371400441001,level_1.0,-1.2259861335598317,True
-3.8833591395287232,0.7698927094703857,level_1.0,-0.02045211758646979,True
2.3495631871905434,0.7611324440433379,level_1.0,1.0653195631191787,True
-4.29527126281921,0.8361982107126763,level_1.0,-0.07187709248198745,True
-11.006806155260794,0.9148460048493544,level_1.0,-1.1609359162638624,True
1.1036849959749286,0.9280553469205637,level_1.0,0.1955286194725971,True
-5.155663619687392,0.9540293251404335,level_1.0,1.8335449841165974,True
-2.8468167099683814,-0.04541935667884853,level_-0.0,-1.483476545661575,False
0.2139406765592864,0.2051745238702242,level_0.0,1.4933040932433648,False
1.5132045584372666,0.9965008066848433,level_1.0,-0.29884746068219736,True
6.5785767423792425,0.3649323705829103,level_0.5,-0.37904759015328093,False
1.0539561239800979,0.8720803622264887,level_1.0,-0.041500050910554656,True
0.14856475474889164,0.10429309466062411,level_0.0,0.47359096259290057,False
-1.7967612112491247,-0.8550314869279261,,0.22392306078618193,False
-2.537693634107451,-0.445465964914479,level_-0.5,0.8771833079342012,False
-6.5815826701009055,-0.2989667062619654,level_-0.5,0.6046653162742262,False
2.078576323325768,0.619014982611362,level_0.5,0.1473626465760582,True
0.4856095257261053,0.3656645950153425,level_0.5,1.0948034667135187,False
2.854467876908976,0.31765157392498855,level_0.5,-2.4310833406279806,False
-6.208993930687493,-0.06930040303859573,level_-0.0,-0.15871606913584094,False
5.552181781165114,-0.7619538066931755,,-0.681108804591724,False
-3.2964738520187087,0.10909667821321573,level_0.0,-0.3377473131703005,False
7.3435403964263575,0.8568656370756914,level_1.0,-0.48953837994934063,True
3.640405332459204,-0.46184767455128817,level_-0.5,1.0492701121483612,False
9.524362646588806,-0.10696808984758052,level_-0.0,0.5614054916435408,False
3.462203056762519,-0.20069860411203325,level_-0.0,0.01984493712914338,False
-0.7173312999042237,-0.5961267446171399,level_-0.5,0.3038441028221152,False
3.81888272816925,-0.44055404793187203,level_-0.5,-0.5939744923756048,False
-2.4402776951243283,-0.7023550360361668,level_-0.5,-0.015171257482684051,False
1.5613908462772814,1.086956088848794,level_1.0,-0.5874999993730439,True
-8.625841102305962,-0.669333718903247,level_-0.5,-0.32209422993466635,False
2.2318299277079365,0.6723610049342362,level_0.5,0.04676419697040656,True
1.7434205938619582,0.9090542748370739,level_1.0,1.4492339244959753,True
-0.6858971975880047,-0.553796558915121,level_-0.5,-1.802528032689533,False
-7.840004286926424,-1.098602431590912,,-1.0702310808469961,False
4.249100907398637,-0.6596585676678305,level_-0.5,-0.7578290026857547,False
8.745882069131508,0.5991914126446447,level_0.5,-0.4826036746527375,True
10.556278274067877,-0.820826224951965,,1.1639780336648993,False
-4.288231481388844,0.8539081887091519,level_1.0,0.8528786218557682,True
-9.320311218042693,-0.167651605672965,level_-0.0,-0.6255388372909546,False
-4.1834517827507325,0.76068515159233,level_1.0,-0.38812809414170224,True
-1.3741960834690137,-1.0762885851343649,,-0.8178433700297221,False
-0.9546467584459901,-0.8068481657322957,,0.06962810852233436,False
1.3846661202730188,1.1007753136422285,level_1.0,-0.8196402479558158,True
-2.3239966475987677,-0.9303835114059311,,1.483503344565682,False
0.8064662977998899,0.7357045551202884,level_0.5,-0.22515580590019402,True
7.282096174372112,0.7713023474600028,level_1.0,1.3813787628155512,True
-6.8210142311674185,-0.520942652014253,level_-0.5,-0.4992296473885203,False
5.73042744389231,-0.41695554055115824,level_-0.5,-0.2591746715154304,False
5.316946605728555,-0.7780071090342532,,-0.9533103246631291,False
3.7346381641424315,-0.5563539671737203,level_-0.5,-2.65658478379939,False
1.3651957145499387,1.0934403082566118,level_1.0,0.1371654779446502,True
-6.809659020603117,-0.5530774054624285,level_-0.5,0.8347621959295958,False
-4.766545566267432,0.9938728659800595,level_1.0,2.348381883256425,True
3.0579608791481054,0.12553234249268422,level_0.0,0.5319320843688679,False
11.654785369543301,-0.7366264670538699,level_-0.5,-1.9407733652907966,False
-0.8267583905712262,-0.7553101354090057,,0.00464508339763036,False
-1.3682639182256595,-0.8818303171845245,,-0.97270377731056,False
-3.172492903612692,-0.11692821654608616,level_-0.0,0.5279220209436869,False
-1.0157549250363915,-0.9850330748071278,,-0.0031312316201340456,False
-1.8854730637234294,-0.8371922432383427,,1.4288393052548916,False
3.2587992928273146,-0.18989231631344733,level_-0.0,0.7357523108369305,False
4.219853393789615,-0.9727182584923777,,-0.9149317282588245,False
-1.7419702832589221,-0.9239202707040478,,0.3033492385755816,False
-9.863617595308433,0.3191577499976609,level_0.5,-0.40017601764663074,False
-1.6631938218329787,-1.0529309095300936,,0.22146943206773612,False
-4.521062858642798,0.9561040780177626,level_1.0,-2.404839157608484,True
-0.578541967095503,-0.4599050214748153,level_-0.5,2.0029666526696164,False
-2.6991596025385456,-0.4963151886360295,level_-0.5,0.8830858466587165,False
-10.632624767396205,1.0078850807397084,level_1.0,2.1941613187394946,True
6.0045746278217464,-0.3391707854066971,level_-0.5,-0.1778636791431748,False
10.693216440247594,-1.028390568342481,,-0.2308071568581551,False
1.1290798555647283,0.8264285838493842,level_1.0,-0.11535573194705663,True
-7.101661516207485,-0.7131698695849493,level_-0.5,1.2411873043249533,False
2.0208271902821706,1.021248173100692,level_1.0,-0.34530355371619637,True
-3.5205760930979784,0.30121095371105594,level_0.5,-0.4334274435295132,False
